REGIÓN SALUD;ESE;SEDES;MUNICIPIO;PORTAFOLIOS DE PRESTACIONES DE SERVICIOS 2025;CAMAS HABILITADAS EN REPS;"SERVICIOS HABILITADOS REPS
Octubre 14 de 2025";PORTAFOLIOS DE PRESTACIONES DE SERVICIOS TECHO;Proyecto de infraestructura en curso;Número de servicios con la nueva infra ;;;;
BAJO MAGDALENA ;E.S.E. HOSPITAL SAN JOSE DE GUADUAS;Empresa Social del Estado Hospital San José de Guaduas;Guaduas;HOSP MED-ALTA;20;;108;;;;;;
BAJO MAGDALENA ;E.S.E. HOSPITAL SAN JOSE DE GUADUAS;Puesto de  Salud La Paz;Guaduas;CAPS RURAL;0;;22;;;;;;
BAJO MAGDALENA ;E.S.E. HOSPITAL SAN JOSE DE GUADUAS;Puesto de  Salud Puerto Bogotá;Guaduas;CAPS RURAL;0;;22;;;;;;
BAJO MAGDALENA ;E.S.E. HOSPITAL SAN JOSE DE GUADUAS;Puesto de Salud De Córdoba;Caparrapí;CAPS RURAL;0;;22;;;;;;
BAJO MAGDALENA ;E.S.E. HOSPITAL SAN JOSE DE GUADUAS;Centro de Salud de  Caparrapí;Caparrapí;CAPS URBANO;0;;29;;;;;;
BAJO MAGDALENA ;E.S.E. HOSPITAL SAN JOSE DE GUADUAS;Centro de Salud Chaguaní;Chaguaní;CAPS URBANO;0;;29;;;;;;
BAJO MAGDALENA ;EMPRESA SOCIAL DEL ESTADO HOSPITAL DIOGENES TRONCOSO DE PUERTO SALGAR;Empresa Social del Estado Hospital Diógenes Troncoso de Puerto Salgar;Puerto Salgar;CAPS PRINCIPAL;11;;68;;;;;;
BAJO MAGDALENA ;EMPRESA SOCIAL DEL ESTADO HOSPITAL DIOGENES TRONCOSO DE PUERTO SALGAR;Puesto de Salud Colorados;Puerto Salgar;CAPS RURAL;0;;22;;;;;;
BAJO MAGDALENA ;EMPRESA SOCIAL DEL ESTADO HOSPITAL DIOGENES TRONCOSO DE PUERTO SALGAR;Puesto de Salud Puerto Libre;Puerto Salgar;CAPS RURAL;0;;22;;;;;;
CENTRO ;E.S.E. HOSPITAL PEDRO LEÓN ALVAREZ DIAZ ;Empresa Social del Estado Hospital Pedro León Álvarez Díaz;La Mesa;HOSP REGIONAL;62;;141;;;;;;
CENTRO ;E.S.E. HOSPITAL PEDRO LEÓN ALVAREZ DIAZ ;Puesto de Salud La Esperanza;La Mesa;CAPS RURAL;0;;22;;;;;;
CENTRO ;E.S.E. HOSPITAL PEDRO LEÓN ALVAREZ DIAZ ;Puesto de Salud San Javier;La Mesa;CAPS RURAL;0;;22;;;;;;
CENTRO ;E.S.E. HOSPITAL PEDRO LEÓN ALVAREZ DIAZ ;Puesto de Salud San Joaquín;La Mesa;CAPS RURAL;0;;22;;;;;;
CENTRO ;E.S.E. HOSPITAL PEDRO LEÓN ALVAREZ DIAZ ;Centro Salud Cachipay;Cachipay;CAPS URBANO;0;;29;;;;;;
CENTRO ;E.S.E. HOSPITAL PEDRO LEÓN ALVAREZ DIAZ ;Puesto de Salud Peña Negra;Cachipay;CAPS RURAL;0;;22;;;;;;
CENTRO ;E.S.E. HOSPITAL PEDRO LEÓN ALVAREZ DIAZ ;Centro de Salud de Anapoima;Anapoima;CAPS PRINCIPAL;0;;68;;;;;;
CENTRO ;E.S.E. HOSPITAL PEDRO LEÓN ALVAREZ DIAZ ;Puesto de Salud La Paz;Anapoima;CAPS RURAL;0;;22;;;;;;
CENTRO ;E.S.E. HOSPITAL PEDRO LEÓN ALVAREZ DIAZ ;Puesto de Salud San Antonio;Anapoima;CAPS RURAL;0;;22;;;;;;
CENTRO ;E.S.E. HOSPITAL PEDRO LEÓN ALVAREZ DIAZ ;Puesto de Salud La Gran Via;Tena;CAPS URBANO;0;;29;;;;;;
CENTRO ;E.S.E. HOSPITAL PEDRO LEÓN ALVAREZ DIAZ ;Puesto de  Salud Tena;Tena;CAPS URBANO;0;;29;;;;;;
CENTRO ;ESE HOSPITAL NUESTRA SEÑORA DEL CARMEN DE EL COLEGIO ;ESE Hospital Nuestra Señora Del Carmen de El Colegio;El Colegio;HOSP MED-ALTA;14;;108;;;;;;
CENTRO ;ESE HOSPITAL NUESTRA SEÑORA DEL CARMEN DE EL COLEGIO ;Puesto de Salud El Triunfo;El Colegio;CAPS URBANO;0;;29;;;;;;
CENTRO ;ESE HOSPITAL NUESTRA SEÑORA DEL CARMEN DE EL COLEGIO ;Puesto de Salud La Victoria;El Colegio;CAPS URBANO;0;;29;;;;;;
CENTRO ;ESE HOSPITAL NUESTRA SEÑORA DEL CARMEN DE EL COLEGIO ;Puesto de Salud Pradilla;El Colegio;CAPS URBANO;0;;29;;;;;;
CENTRO ;E.S.E. HOSPITAL SAN ANTONIO DE ANOLAIMA;E.S.E Hospital San Antonio de Anolaima ;Anolaima;CAPS PRINCIPAL;9;;68;;;;;;
CENTRO ;E.S.E. HOSPITAL SAN ANTONIO DE ANOLAIMA;Puesto de Salud La Florida;Anolaima;CAPS RURAL;0;;22;;;;;;
CENTRO ;E.S.E. HOSPITAL SAN ANTONIO DE ANOLAIMA;Puesto de Salud Reventones;Anolaima;CAPS URBANO;0;;29;;;;;;
CENTRO ;E.S.E. HOSPITAL SAN ANTONIO DE ANOLAIMA;Centro de Salud Quipile;Quipile;CAPS URBANO;0;;29;;;;;;
CENTRO ;E.S.E. HOSPITAL SAN ANTONIO DE ANOLAIMA;Puesto de Salud La Botica;Quipile;CAPS RURAL;0;;22;;;;;;
CENTRO ;E.S.E. HOSPITAL SAN ANTONIO DE ANOLAIMA;Puesto de Salud La Sierra;Quipile;CAPS RURAL;0;;22;;;;;;
CENTRO ;E.S.E. HOSPITAL SAN ANTONIO DE ANOLAIMA;Puesto de Salud La Virgen ;Quipile;CAPS RURAL;0;;22;;;;;;
CENTRO ;E.S.E. HOSPITAL SAN ANTONIO DE ANOLAIMA;Puesto de Salud Santa Martha ;Quipile;CAPS RURAL;0;;22;;;;;;
CENTRO ;E.S.E. HOSPITAL SAN ANTONIO DEL TEQUENDAMA     ;E.S.E. Hospital San Antonio Del Tequendama ;San Antonio Del Tequendama;CAPS PRINCIPAL;5;;68;;;;;;
CENTRO ;E.S.E. HOSPITAL SAN ANTONIO DEL TEQUENDAMA     ;Sede ESE Hospital San Antonio Del Tequendama;San Antonio Del Tequendama;CAPS PRINCIPAL;0;;68;;;;;;
CENTRO ;E.S.E. HOSPITAL SAN ANTONIO DEL TEQUENDAMA ;Puesto de Salud de Santandercito;San Antonio Del Tequendama;CAPS URBANO;0;;29;;;;;;
CENTRO ORIENTE ALMEIDAS ;EMPRESA SOCIAL DEL ESTADO REGIÓN DE SALUD CENTRO ORIENTE ALMEIDAS ;Hospital San Martin de Porres de Chocontá - Empresa Social del Estado Centro Oriente Almeidas ;Chocontá;HOSP MED-ALTA;43;;108;;;;;;
CENTRO ORIENTE ALMEIDAS ;EMPRESA SOCIAL DEL ESTADO REGIÓN DE SALUD CENTRO ORIENTE ALMEIDAS ;Sede - Empresa Social Del Estado Centro Oriente Almeidas ;Chocontá;CAPS URBANO;0;;29;;;;;;
CENTRO ORIENTE ALMEIDAS ;EMPRESA SOCIAL DEL ESTADO REGIÓN DE SALUD CENTRO ORIENTE ALMEIDAS ;Puesto de  Salud de Villa Pinzón - Empresa Social Del Estado Centro Oriente Almeidas ;Villa Pinzón;CAPS URBANO;0;;29;;;;;;
CENTRO ORIENTE ALMEIDAS ;EMPRESA SOCIAL DEL ESTADO REGIÓN DE SALUD CENTRO ORIENTE ALMEIDAS ;Puesto de  Salud de Tibirita - Empresa Social del Estado Centro Oriente Almeidas ;Tibirita;CAPS URBANO;0;;29;;;;;;
CENTRO ORIENTE ALMEIDAS ;EMPRESA SOCIAL DEL ESTADO REGIÓN DE SALUD CENTRO ORIENTE ALMEIDAS ;Puesto de Salud de Macheta - Empresa Social Del Estado Centro Oriente Almeidas ;Machetá;CAPS URBANO;0;;29;;;;;;
CENTRO ORIENTE ALMEIDAS ;EMPRESA SOCIAL DEL ESTADO REGIÓN DE SALUD CENTRO ORIENTE ALMEIDAS ;Puesto de Salud de Manta - Empresa Social del Estado Centro Oriente Almeidas ;Manta;CAPS URBANO;0;;29;;;;;;
CENTRO ORIENTE ALMEIDAS ;E.S.E. HOSPITAL NUESTRA SEÑORA DEL ROSARIO SUESCA;E.S.E. Hospital Nuestra Señora del Rosario Suesca;Suesca;CAPS PRINCIPAL;10;;68;;;;;;
CENTRO ORIENTE GUAVIO ;EMPRESA SOCIAL DEL ESTADO HOSPITAL DIVINO SALVADOR DE SOPO;Empresa Social del Estado Hospital Divino Salvador de Sopo;Sopó;HOSP REGIONAL;16;;141;;;;;;
CENTRO ORIENTE GUAVIO ;EMPRESA SOCIAL DEL ESTADO HOSPITAL DIVINO SALVADOR DE SOPO;Puesto de Salud El Manzano;La Calera;CAPS RURAL;0;;22;;;;;;
CENTRO ORIENTE GUAVIO ;EMPRESA SOCIAL DEL ESTADO HOSPITAL DIVINO SALVADOR DE SOPO;Centro de Salud La Calera ;La Calera;CAPS PRINCIPAL;12;;68;;;;;;
CENTRO ORIENTE GUAVIO ;EMPRESA SOCIAL DEL ESTADO HOSPITAL DIVINO SALVADOR DE SOPO;Nuevo Hospital Tocancipá Nuestra Señora Del Transito Operador Privado Care& Health S.A.S.;Tocancipa;HOSP MED-ALTA;50;;108;;;;;;
CENTRO ORIENTE GUAVIO ;ESE HOSPITAL SAN FRANCISCO DE GACHETA;Empresa Social del Estado Hospital San Francisco de Gachetá;Gachetá;HOSP MED-ALTA;29;;108;;;;;;
CENTRO ORIENTE GUAVIO ;ESE HOSPITAL SAN FRANCISCO DE GACHETA;Centro de Salud Gachalá;Gachalá;CAPS URBANO;0;;29;;;;;;
CENTRO ORIENTE GUAVIO ;ESE HOSPITAL SAN FRANCISCO DE GACHETA;Centro de Salud Gama;Gama;CAPS URBANO;0;;29;;;;;;
CENTRO ORIENTE GUAVIO ;ESE HOSPITAL SAN FRANCISCO DE GACHETA;Centro de Salud Ubalá;Ubalá;CAPS URBANO;0;;29;;;;;;
CENTRO ORIENTE GUAVIO ;ESE HOSPITAL SAN FRANCISCO DE GACHETA;Puesto de Salud Mambita;Ubalá;CAPS URBANO;0;;29;;;;;;
CENTRO ORIENTE GUAVIO ;ESE HOSPITAL SAN ANTONIO DE GUATAVITA;Hospital San Antonio De Guatavita;Guatavita;CAPS PRINCIPAL;9;;68;;;;;;
CENTRO ORIENTE GUAVIO ;ESE HOSPITAL SAN ANTONIO DE GUATAVITA;Centro de Salud de  Guasca;Guasca;CAPS URBANO;0;;29;;;;;;
CENTRO ORIENTE GUAVIO ;E.S.E. POLICLÍNICO DE JUNÍN;ESE Policlínico De Junín;Junín;CAPS PRINCIPAL;5;;68;;;;;;
MEDINA;EMPRESA SOCIAL DEL ESTADO REGION DE SALUD MEDINA;Hospital Nuestra Señora Del Pilar- Empresa Social del Estado Región de Salud Medina;Medina;HOSP MED-ALTA;7;;108;;;;;;
MEDINA;EMPRESA SOCIAL DEL ESTADO REGION DE SALUD MEDINA;Centro  de Salud Paratebueno - Empresa Social del Estado Región de Salud Medina;Paratebueno;CAPS URBANO;0;;29;;;;;;
MEDINA;EMPRESA SOCIAL DEL ESTADO REGION DE SALUD MEDINA;Puesto de Salud Milagros De Maya- Empresa Social del Estado Región de Salud Medina;Paratebueno;CAPS URBANO;0;;29;;;;;;
MEDINA;EMPRESA SOCIAL DEL ESTADO REGION DE SALUD MEDINA;Puesto de Salud San Pedro De Jagua- Empresa Social del Estado Región de Salud Medina;Ubalá A;CAPS URBANO;0;;29;;;;;;
NOROCCIDENTE ;E.S.E. HOSPITAL SALAZAR VILLETA;Empresa Social del Estado Hospital Salazar de Villeta;Villeta;HOSP REGIONAL;36;;141;;;;;;
NOROCCIDENTE ;E.S.E. HOSPITAL SALAZAR VILLETA;Puesto de Salud Bagazal;Villeta;CAPS URBANO;0;;29;;;;;;
NOROCCIDENTE ;E.S.E. HOSPITAL SALAZAR VILLETA;Puesto de Salud La Magdalena;Quebrada Negra;CAPS RURAL;0;;22;;;;;;
NOROCCIDENTE ;E.S.E. HOSPITAL SALAZAR VILLETA;Puesto de Salud Quedradanegra;Quebrada Negra;CAPS URBANO;0;;29;;;;;;
NOROCCIDENTE ;E.S.E. HOSPITAL SALAZAR VILLETA;Puesto de Salud Tobia;Quebrada Negra;CAPS RURAL;0;;22;;;;;;
NOROCCIDENTE ;E.S.E. HOSPITAL SALAZAR VILLETA;Centro de Salud Útica;Útica;CAPS URBANO;0;;29;;;;;;
NOROCCIDENTE ;E.S.E. HOSPITAL SALAZAR VILLETA;Centro de Salud La Peña;La Peña;CAPS URBANO;0;;29;;;;;;
NOROCCIDENTE ;EMPRESA SOCIAL DEL ESTADO HOSPITAL SALAZAR DE VILLETA;Empresa Social Del Estado Hospital de La Vega;La Vega;HOSP MED-ALTA;21;;108;;;;;;
NOROCCIDENTE ;EMPRESA SOCIAL DEL ESTADO HOSPITAL SALAZAR DE VILLETA;Puesto de Salud de Nocaima;Nocaima;CAPS URBANO;0;;29;;;;;;
NOROCCIDENTE ;E.S.E. HOSPITAL HILARIO LUGO DE SASAIMA;E.S.E. Hospital Hilario Lugo de Sasaima;Sasaima;CAPS PRINCIPAL;10;;68;;;;;;
NOROCCIDENTE ;ESE HOSPITAL SANTA BÁRBARA DE VERGARA;E.S.E. Hospital Santa Bárbara de Vergara;Vergara;CAPS PRINCIPAL;8;;68;;;;;;
NOROCCIDENTE ;E.SE. CENTRO DE SALUD SAN JOSÉ DE NIMAIMA;E.S.E. Centro de Salud San José de Nimaima;Nimaima;CAPS PRINCIPAL;0;;68;;;;;;
NOROCCIDENTE ;EMPRESA SOCIAL DEL ESTADO CENTRO  DE SALUD SAN FRANCISCO DE SALES;Empresa Social del Estado Centro  de Salud San Francisco de Sales;San Francisco;CAPS PRINCIPAL;0;;68;;;;;;
NORORIENTE ;EMPRESA SOCIAL DEL ESTADO HOSPITAL EL SALVADOR DE UBATE;Empresa Social del Estado Hospital El Salvador de Ubaté;Villa de San Diego de Ubaté;HOSP REGIONAL;59;;141;;;;;;
NORORIENTE ;EMPRESA SOCIAL DEL ESTADO HOSPITAL EL SALVADOR DE UBATE;Centro de Salud De Simijaca;Simijaca;CAPS URBANO;0;;29;;;;;;
NORORIENTE ;EMPRESA SOCIAL DEL ESTADO HOSPITAL EL SALVADOR DE UBATE;Centro de Salud Capellanía;Fúquene;CAPS URBANO;0;;29;;;;;;
NORORIENTE ;EMPRESA SOCIAL DEL ESTADO HOSPITAL EL SALVADOR DE UBATE;Centro de Salud de Fúquene;Fúquene;CAPS URBANO;0;;29;;;;;;
NORORIENTE ;EMPRESA SOCIAL DEL ESTADO HOSPITAL EL SALVADOR DE UBATE;Centro de Salud de Lenguazaque;Lenguazaque;CAPS URBANO;0;;29;;;;;;
NORORIENTE ;EMPRESA SOCIAL DEL ESTADO HOSPITAL EL SALVADOR DE UBATE;Centro de Salud de Susa;Susa;CAPS URBANO;0;;29;;;;;;
NORORIENTE ;EMPRESA SOCIAL DEL ESTADO HOSPITAL EL SALVADOR DE UBATE;Centro de Salud de Sutatausa;Sutatausa;CAPS URBANO;0;;29;;;;;;
NORORIENTE ;ESE HOSPITAL SAN JOSÉ DE GUACHETÁ;ESE Hospital San José de Guachetá;Guachetá;CAPS PRINCIPAL;13;;68;;;;;;
NORORIENTE ;ESE HOSPITAL HABACUC CALDERÓN DE CARMEN DE CARUPA;ESE Hospital Habacuc Calderón de Carmen de Carupa;Carmen de Carupa;CAPS PRINCIPAL;12;;68;;;;;;
NORORIENTE ;ESE CENTRO DE SALUD CUCUNUBÁ;ESE Centro de Salud Cucunubá;Cucunuba;CAPS PRINCIPAL;0;;68;;;;;;
NORORIENTE ;EMPRESA SOCIAL DEL ESTADO E.S.E. CENTRO  DE SALUD DE TAUSA;Empresa Social del Estado E.S.E. Centro  de Salud de Tausa;Tausa;CAPS PRINCIPAL;0;;68;;;;;;
NORTE ;E.S.E. HOSPITAL SAN RAFAEL DE PACHO;E.S.E. Hospital San Rafael de Pacho;Pacho;HOSP REGIONAL;86;;141;;;;;;
NORTE ;E.S.E. HOSPITAL SAN RAFAEL DE PACHO;Puesto de Salud de Pasuncha;Pacho;CAPS URBANO;0;;29;;;;;;
NORTE ;E.S.E. HOSPITAL SAN RAFAEL DE PACHO;Puesto de Salud de Paime;Paime;CAPS URBANO;0;;29;;;;;;
NORTE ;E.S.E. HOSPITAL SAN RAFAEL DE PACHO;Puesto de Salud Tudela;Paime;CAPS URBANO;0;;29;;;;;;
NORTE ;E.S.E. HOSPITAL SAN RAFAEL DE PACHO;Puesto de Salud de Supata;Supata;CAPS URBANO;0;;29;;;;;;
NORTE ;E.S.E. HOSPITAL SAN RAFAEL DE PACHO;Puesto de Salud de Topaipí;Topaipi;CAPS URBANO;0;;29;;;;;;
NORTE ;E.S.E. HOSPITAL SAN RAFAEL DE PACHO;Puesto de Salud de Villagómez;Villagomez;CAPS URBANO;0;;29;;;;;;
NORTE ;EMPRESA SOCIAL DEL ESTADO HOSPITAL SAN JOSÉ;E.S.E Hospital San José de La Palma;La Palma;CAPS PRINCIPAL;12;;68;;;;;;
NORTE ;EMPRESA SOCIAL DEL ESTADO HOSPITAL SAN JOSÉ;Puesto de Salud Ibama;Yacopí;CAPS RURAL;0;;22;;;;;;
NORTE ;EMPRESA SOCIAL DEL ESTADO HOSPITAL SAN JOSÉ;Puesto de Salud Patevaca;Yacopí;CAPS RURAL;0;;22;;;;;;
NORTE ;EMPRESA SOCIAL DEL ESTADO HOSPITAL SAN JOSÉ;Puesto de Salud Guadualito;Yacopí;CAPS RURAL;0;;22;;;;;;
NORTE ;EMPRESA SOCIAL DEL ESTADO HOSPITAL SAN JOSÉ;Puesto de Salud Llano Mateo;Yacopí;CAPS RURAL;0;;22;;;;;;
NORTE ;EMPRESA SOCIAL DEL ESTADO HOSPITAL SAN JOSÉ;Centro de Salud San Antonio;Yacopí;CAPS PRINCIPAL;9;;68;;;;;;
NORTE ;EMPRESA SOCIAL DEL ESTADO CAYETANO MARIA DE ROJAS;Empresa Social del Estado Cayetano Maria de Rojas;El Peñon;CAPS PRINCIPAL;0;;68;;;;;;
NORTE ;EMPRESA SOCIAL DEL ESTADO CAYETANO MARIA DE ROJAS;Sede ESE Cayetano Maria de Rojas;El Peñon;CAPS PRINCIPAL;0;;68;;;;;;
NORTE ;EMPRESA SOCIAL DEL ESTADO CAYETANO MARIA DE ROJAS;Puesto de Salud Talauta;El Peñon;CAPS RURAL;0;;22;;;;;;
NORTE ;EMPRESA SOCIAL DEL ESTADO CAYETANO MARIA DE ROJAS;Puesto de Salud Guayabal;El Peñon;CAPS RURAL;0;;22;;;;;;
SABANA CENTRO;E.S.E. HOSPITAL SAN ANTONIO CHÍA;E.S.E. Hospital San Antonio Chía;Chia;HOSP MED-ALTA;12;;108;;;;;;
SABANA CENTRO;E.S.E. HOSPITAL SAN ANTONIO CHÍA;Centro de Salud de Cota Martha Liliana González Gil;Cota;CAPS URBANO;0;;29;;;;;;
SABANA CENTRO;ESE HOSPITAL SAN VICENTE DE PAUL DE NEMOCÓN;ESE Hospital San Vicente De Paul De Nemocón;Nemocón;CAPS PRINCIPAL;20;;68;;;;;;
SABANA CENTRO;ESE HOSPITAL SAN VICENTE DE PAUL DE NEMOCÓN;Puesto de Salud Patio Bonito ;Nemocón;CAPS URBANO;0;;29;;;;;;
SABANA CENTRO;ESE HOSPITAL NUESTRA SEÑORA DEL CARMEN DE TABIO;ESE Hospital Nuestra Señora Del Carmen De Tabio;Tabio ;CAPS PRINCIPAL;16;;68;;;;;;
SABANA CENTRO;EMPRESA SOCIAL DEL ESTADO HOSPITAL SANTA ROSA DE TENJO;Empresa Social Del Estado Hospital Santa Rosa De Tenjo;Tenjo;CAPS PRINCIPAL;14;;68;;;;;;
SABANA CENTRO;EMPRESA SOCIAL DEL ESTADO HOSPITAL SAN ANTONIO;Empresa Social Del Estado Hospital San Antonio;Sesquile;CAPS PRINCIPAL;12;;68;;;;;;
SABANA CENTRO;EMPRESA SOCIAL DEL ESTADO HOSPITAL SAN ANTONIO;Puesto de  Salud De Gachancipá;Gachancipa;CAPS URBANO;0;;29;;;;;;
SABANA CENTRO;ESE HOSPITAL UNIVERSITARIO DE LA SAMARITANA ;Hospital Regional Zipaquirá;Zipaquirá;HOSP REGIONAL;148;;141;;;;;;
SABANA CENTRO;ESE HOSPITAL UNIVERSITARIO DE LA SAMARITANA ;ESE Hospital Universitario De La Samaritana Unidad Funcional Zipaquira;Zipaquirá;HOSP MED-ALTA;84;;108;;;;;;
SABANA CENTRO;ESE HOSPITAL UNIVERSITARIO DE LA SAMARITANA ;Sede Unidad Funcional De Zipaquirá(*);Zipaquirá;CAPS PRINCIPAL;0;;68;;;;;;
SABANA CENTRO;ESE HOSPITAL UNIVERSITARIO DE LA SAMARITANA ;ESE Hospital Universitario De La Samaritana - Centro De Salud Cogua;Cogua;CAPS URBANO;0;;29;;;;;;
SABANA CENTRO;ESE HOSPITAL UNIVERSITARIO DE LA SAMARITANA ;ESE Hospital Universitario De La Samaritana - Puesto de  Salud San Cayetano;San Cayetano;CAPS URBANO;0;;29;;;;;;
SABANA CENTRO;ESE HOSPITAL PROFESOR JORGE CAVELIER -I- NIVEL DE ATENCIÓN CAJICA;ESE Hospital Profesor Jorge Cavelier -I- Nivel De Atención Cajica;Cajicá;HOSP MED-ALTA;11;;108;;;;;;
SABANA CENTRO OCCIDENTE ;E.S.E. HOSPITAL SAN RAFAEL DE FACATATIVÁ;Empresa Social del Estado Hospital San Rafael de Facatativa;Facatativá;HOSP REGIONAL;193;;141;;;;;;
SABANA CENTRO OCCIDENTE ;E.S.E. HOSPITAL SAN RAFAEL DE FACATATIVÁ;Centro de Salud Copihue;Facatativá;CAPS URBANO;0;;29;;;;;;
SABANA CENTRO OCCIDENTE ;E.S.E. HOSPITAL SAN RAFAEL DE FACATATIVÁ;Centro de Salud de Cartagenita-Mana Blanca;Facatativá;CAPS URBANO;0;;29;;;;;;
SABANA CENTRO OCCIDENTE ;E.S.E. HOSPITAL SAN RAFAEL DE FACATATIVÁ;Puesto de Salud de Alban;Albán;CAPS URBANO;0;;29;;;;;;
SABANA CENTRO OCCIDENTE ;E.S.E. HOSPITAL SAN RAFAEL DE FACATATIVÁ;Puesto de Salud de Guayabal De Síquima;Guayabal De Síquima;CAPS URBANO;0;;29;;;;;;
SABANA CENTRO OCCIDENTE ;E.S.E. HOSPITAL SAN RAFAEL DE FACATATIVÁ;Puesto de Salud La Pradera;Subachoque;CAPS RURAL;0;;22;;;;;;
SABANA CENTRO OCCIDENTE ;E.S.E. HOSPITAL SAN RAFAEL DE FACATATIVÁ;Centro de Salud Subachoque;Subachoque;CAPS URBANO;0;;29;;;;;;
SABANA CENTRO OCCIDENTE ;EMPRESA SOCIAL DEL ESTADO HOSPITAL SAN VICENTE DE PAUL;Empresa Social Del Estado Hospital San Vicente De Paul;San Juan De Rioseco;HOSP MED-ALTA;6;;108;;;;;;
SABANA CENTRO OCCIDENTE ;EMPRESA SOCIAL DEL ESTADO HOSPITAL SAN VICENTE DE PAUL;Puesto de Salud Cambao;San Juan De Rioseco;CAPS URBANO;0;;29;;;;;;
SABANA CENTRO OCCIDENTE ;EMPRESA SOCIAL DEL ESTADO HOSPITAL SAN VICENTE DE PAUL;Puesto de Salud San Nicolas;San Juan De Rioseco;CAPS RURAL;0;;22;;;;;;
SABANA CENTRO OCCIDENTE ;EMPRESA SOCIAL DEL ESTADO HOSPITAL SAN VICENTE DE PAUL;Puesto de Salud Bituima;Bituima;CAPS URBANO;0;;29;;;;;;
SABANA CENTRO OCCIDENTE ;EMPRESA SOCIAL DEL ESTADO HOSPITAL SAN VICENTE DE PAUL;Puesto de Salud de Beltran;Beltrán;CAPS URBANO;0;;29;;;;;;
SABANA CENTRO OCCIDENTE ;EMPRESA SOCIAL DEL ESTADO HOSPITAL SAN VICENTE DE PAUL;Puesto de Salud de Paquilo;Beltrán;CAPS URBANO;0;;29;;;;;;
SABANA CENTRO OCCIDENTE ;EMPRESA SOCIAL DEL ESTADO HOSPITAL SAN VICENTE DE PAUL;Puesto de Salud Palestina;Pulí;CAPS RURAL;0;;22;;;;;;
SABANA CENTRO OCCIDENTE ;EMPRESA SOCIAL DEL ESTADO HOSPITAL SAN VICENTE DE PAUL;Puesto de Salud Puli;Pulí;CAPS URBANO;0;;29;;;;;;
SABANA CENTRO OCCIDENTE ;EMPRESA SOCIAL DEL ESTADO HOSPITAL SAN VICENTE DE PAUL;Puesto de Salud Valparaiso;Pulí;CAPS RURAL;0;;22;;;;;;
SABANA CENTRO OCCIDENTE ;E.S.E. HOSPITAL SANTA MATILDE DE MADRID;ESE Hospital Santa Matilde De Madrid*;Madrid;HOSP MED-ALTA;12;;108;;;;;;
SABANA CENTRO OCCIDENTE ;E.S.E. HOSPITAL SANTA MATILDE DE MADRID;Hospital Santa Matilde de Madrid - Hospital Nuevo;Madrid;HOSP MED-ALTA;0;;108;;;;;;
SABANA CENTRO OCCIDENTE ;E.S.E. HOSPITAL SANTA MATILDE DE MADRID;Centro de Salud El Sosiego;Madrid;CAPS URBANO;0;;29;;;;;;
SABANA CENTRO OCCIDENTE ;E.S.E. HOSPITAL SANTA MATILDE DE MADRID;Centro de Salud Puente de Piedra;Madrid;CAPS RURAL;0;;22;;;;;;
SABANA CENTRO OCCIDENTE ;E.S.E. HOSPITAL SANTA MATILDE DE MADRID;Puesto de Salud El Ocaso;Zipacón;CAPS RURAL;0;;22;;;;;;
SABANA CENTRO OCCIDENTE ;E.S.E. HOSPITAL SANTA MATILDE DE MADRID;Centro de Salud de Zipacón;Zipacón;CAPS URBANO;0;;29;;;;;;
SABANA CENTRO OCCIDENTE ;E.S.E. HOSPITAL SANTA MATILDE DE MADRID;Centro de Salud de Bojacá;Bojacá;CAPS URBANO;0;;29;;;;;;
SABANA CENTRO OCCIDENTE ;E.S.E. HOSPITAL SANTA MATILDE DE MADRID;Centro de Salud El Rosal;El Rosal;CAPS URBANO;0;;29;;;;;;
SABANA CENTRO OCCIDENTE ;EMPRESA SOCIAL DEL ESTADO DEL ORDEN DEPARTAMENTAL HOSPITAL NUESTRA SEÑORA DE LAS MERCEDES DEL MUNICIPIO DE FUNZA;Empresa Social Del Estado Del Orden Departamental Hospital Nuestra Señora De Las Mercedes ;Funza;HOSP MED-ALTA;20;;108;;;;;;
SABANA CENTRO OCCIDENTE ;EMPRESA SOCIAL DEL ESTADO DEL ORDEN DEPARTAMENTAL HOSPITAL NUESTRA SEÑORA DE LAS MERCEDES DEL MUNICIPIO DE FUNZA;Puesto de  Salud Siete Trojes;Funza;CAPS URBANO;0;;29;;;;;;
SABANA CENTRO OCCIDENTE ;EMPRESA SOCIAL DEL ESTADO DEL ORDEN DEPARTAMENTAL HOSPITAL NUESTRA SEÑORA DE LAS MERCEDES DEL MUNICIPIO DE FUNZA;Puesto de  Salud El Hato;Funza;CAPS URBANO;0;;29;;;;;;
SABANA CENTRO OCCIDENTE ;HOSPITAL MARIA AUXILIADORA EMPRESA SOCIAL DE ESTADO DEL MUNICIPIO DE MOSQUERA;Hospital Maria Auxiliadora Empresa Social De Estado del Municipio De Mosquera;Mosquera;HOSP MED-ALTA;24;;108;;;;;;
SABANA CENTRO OCCIDENTE ;HOSPITAL MARIA AUXILIADORA EMPRESA SOCIAL DE ESTADO DEL MUNICIPIO DE MOSQUERA;Centro de Salud Porvenir;Mosquera;CAPS URBANO;0;;29;;;;;;
SABANA CENTRO OCCIDENTE ;HOSPITAL MARIA AUXILIADORA EMPRESA SOCIAL DE ESTADO DEL MUNICIPIO DE MOSQUERA;Puesto de  Salud Planadas;Mosquera;CAPS URBANO;0;;29;;;;;;
SABANA CENTRO OCCIDENTE ;EMPRESA SOCIAL DEL ESTADO MERCEDES TELLEZ DE PRADILLA (E.S.E.) HOSPITAL VIANI PRIMER NIVEL DE ATENCIÓN ;Empresa Social Del Estado Mercedes Tellez De Pradilla (E.S.E.) Hospital Viani Primer Nivel De Atención ;Vianí;CAPS URBANO;0;;29;;;;;;
SOACHA;EMPRESA SOCIAL DEL ESTADO REGIÓN DE SALUD  SOACHA ;Hospital Mario Gaitán Yanguas  - Empresa Social del Estado Región de Salud Soacha;Soacha;HOSP REGIONAL;55;;141;;;;;;
SOACHA;EMPRESA SOCIAL DEL ESTADO REGIÓN DE SALUD  SOACHA ;Sede Especialistas;Soacha;CAPS URBANO;0;;29;;;;;;
SOACHA;EMPRESA SOCIAL DEL ESTADO REGIÓN DE SALUD  SOACHA ;Centro de Salud Ciudad Latina -Empresa Social del Estado Región de Salud Soacha;Soacha;CAPS URBANO;0;;29;;;;;;
SOACHA;EMPRESA SOCIAL DEL ESTADO REGIÓN DE SALUD  SOACHA ;Puesto de Salud La Despensa -Empresa Social del Estado Región de Salud Soacha ;Soacha;CAPS URBANO;0;;29;;;;;;
SOACHA;EMPRESA SOCIAL DEL ESTADO REGIÓN DE SALUD  SOACHA ;Puesto de Salud Luis Carlos Galán -Empresa Social del Estado Región De Salud Soacha ;Soacha;CAPS URBANO;0;;29;;;;;;
SOACHA;EMPRESA SOCIAL DEL ESTADO REGIÓN DE SALUD  SOACHA ;Puesto de Salud Santillana - Empresa Social del Estado Región de Salud Soacha ;Soacha;CAPS URBANO;0;;29;;;;;;
SOACHA;EMPRESA SOCIAL DEL ESTADO REGIÓN DE SALUD  SOACHA ;Centro de Consulta Externa -Empresa Social Del Estado Región de Salud Soacha ;Soacha;CAPS URBANO;0;;29;;;;;;
SOACHA;EMPRESA SOCIAL DEL ESTADO REGIÓN DE SALUD  SOACHA ;Sede El Parque ;Soacha;CAPS URBANO;0;;29;;;;;;
SOACHA;EMPRESA SOCIAL DEL ESTADO REGIÓN DE SALUD SOACHA;Centro de Salud de Sibate-Empresa Social del Estado Región de Salud Soacha;Sibaté;CAPS PRINCIPAL;0;;68;;;;;;
SOACHA;EMPRESA SOCIAL DEL ESTADO REGIÓN DE SALUD  SOACHA ;Puesto de Salud Pablo Neruda-Empresa Social del Estado Región de Salud Soacha;Sibaté;CAPS URBANO;0;;29;;;;;;
SOACHA;EMPRESA SOCIAL DEL ESTADO REGIÓN DE SALUD SOACHA;Centro de Salud de Granada - Empresa Social del Estado Región de Salud Soacha;Granada;CAPS URBANO;0;;29;;;;;;
SOACHA;EMPRESA SOCIAL DEL ESTADO E.S.E MUNICIPAL DE SOACHA JULIO CESAR PEÑALOZA;Empresa Social del Estado ESE Municipal  de Soacha  Julio Cesar Peñaloza – San Mateo;Soacha;CAPS PRINCIPAL;0;;68;;;;;;
SOACHA;EMPRESA SOCIAL DEL ESTADO E.S.E MUNICIPAL DE SOACHA JULIO CESAR PEÑALOZA;Empresa Social del Estado E.S.E Municipal de Soacha Julio Cesar Peñaloza - Sede Ciudadela Sucre;Soacha;CAPS URBANO;0;;29;;;;;;
SOACHA;EMPRESA SOCIAL DEL ESTADO E.S.E MUNICIPAL DE SOACHA JULIO CESAR PEÑALOZA;Empresa de Salud E.S.E del Municipio De Soacha- Sede Compartir;Soacha;CAPS URBANO;0;;29;;;;;;
SOACHA;EMPRESA SOCIAL DEL ESTADO E.S.E MUNICIPAL DE SOACHA JULIO CESAR PEÑALOZA;Sede Ciudad Verde;Soacha;CAPS PRINCIPAL;0;;68;;;;;;
SOACHA;EMPRESA SOCIAL DEL ESTADO E.S.E MUNICIPAL DE SOACHA JULIO CESAR PEÑALOZA;Puesto de Salud Las Vegas;Soacha;CAPS URBANO;0;;29;;;;;;
SOACHA;EMPRESA SOCIAL DEL ESTADO E.S.E MUNICIPAL DE SOACHA JULIO CESAR PEÑALOZA;Centro de Salud Quintas de La Laguna;Soacha;CAPS URBANO;0;;29;;;;;;
SOACHA;EMPRESA SOCIAL DEL ESTADO E.S.E MUNICIPAL DE SOACHA JULIO CESAR PEÑALOZA;Empresa Social del Estado E.S.E Municipal de Soacha Julio Cesar Peñaloza - Sede Los Olivos;Soacha;CAPS URBANO;0;;29;;;;;;
SOACHA;EMPRESA SOCIAL DEL ESTADO E.S.E MUNICIPAL DE SOACHA JULIO CESAR PEÑALOZA;Centro de Talentos Especiales - Empresa Social del Estado E.S.E Municipal de Soacha Julio Cesar Peñaloza ;Soacha;CAPS URBANO;0;;29;;;;;;
SOACHA;EMPRESA SOCIAL DEL ESTADO E.S.E MUNICIPAL DE SOACHA JULIO CESAR PEÑALOZA;Empresa Social del Estado E.S.E Municipal de Soacha Julio Cesar Peñaloza - Sede San Marcos ;Soacha;CAPS PRINCIPAL;0;;68;;;;;;
SOACHA;HOSPITAL CARDIOVASCULAR DE CUNDINAMARCA S.A;Hospital Cardiovascular de Cundinamarca S.A (Operador Privado);Soacha;HOSP REGIONAL;258;;141;;;;;;
SUR;E.S.E. HOSPITAL SAN RAFAEL DE FUSAGASUGÁ;Empresa Social del Estado Hospital San Rafael de Fusagasuga;Fusagasuga;HOSP REGIONAL;145;;141;;;;;;
SUR;E.S.E. HOSPITAL SAN RAFAEL DE FUSAGASUGÁ;Centro de Atención Ambulatoria;Fusagasuga;CAPS URBANO;0;;29;;;;;;
SUR;E.S.E. HOSPITAL SAN RAFAEL DE FUSAGASUGÁ;dSalud Bosachoque;Fusagasuga;CAPS RURAL;0;;22;;;;;;
SUR;E.S.E. HOSPITAL SAN RAFAEL DE FUSAGASUGÁ;Puesto de Salud Chinauta;Fusagasuga;CAPS RURAL;0;;22;;;;;;
SUR;E.S.E. HOSPITAL SAN RAFAEL DE FUSAGASUGÁ;Puesto de Salud Del Progreso;Fusagasuga;CAPS URBANO;0;;29;;;;;;
SUR;E.S.E. HOSPITAL SAN RAFAEL DE FUSAGASUGÁ;Puesto de Salud La Aguadita;Fusagasuga;CAPS RURAL;0;;22;;;;;;
SUR;E.S.E. HOSPITAL SAN RAFAEL DE FUSAGASUGÁ;Puesto de Salud La Trinidad;Fusagasuga;CAPS RURAL;0;;22;;;;;;
SUR;E.S.E. HOSPITAL SAN RAFAEL DE FUSAGASUGÁ;Puesto de Salud La Venta;Fusagasuga;CAPS URBANO;0;;29;;;;;;
SUR;E.S.E. HOSPITAL SAN RAFAEL DE FUSAGASUGÁ;Puesto de Salud Novillero;Fusagasuga;CAPS RURAL;0;;22;;;;;;
SUR;E.S.E. HOSPITAL SAN RAFAEL DE FUSAGASUGÁ;Puesto de Salud Obrero;Fusagasuga;CAPS URBANO;0;;29;;;;;;
SUR;E.S.E. HOSPITAL SAN RAFAEL DE FUSAGASUGÁ;Puesto de Salud de Pasca;Pasca;CAPS URBANO;0;;29;;;;;;
SUR;E.S.E. HOSPITAL SAN RAFAEL DE FUSAGASUGÁ;Puesto de Salud de Bateas;Tibacuy;CAPS RURAL;0;;22;;;;;;
SUR;E.S.E. HOSPITAL SAN RAFAEL DE FUSAGASUGÁ;Puesto de Salud Cumaca;Tibacuy;CAPS URBANO;0;;29;;;;;;
SUR;E.S.E. HOSPITAL SAN RAFAEL DE FUSAGASUGÁ;Puesto de Salud Tibacuy;Tibacuy;CAPS URBANO;0;;29;;;;;;
SUR;E.S.E. HOSPITAL SAN ANTONIO DE ARBELÁEZ;E.S.E. Hospital San Antonio De Arbelaez;Arbelaez;CAPS PRINCIPAL;13;;68;;;;;;
SUR;E.S.E. HOSPITAL SAN ANTONIO DE ARBELÁEZ;Sede Unidad de Terapias San Antonio;Arbelaez;CAPS URBANO;0;;29;;;;;;
SUR;E.S.E. HOSPITAL SAN ANTONIO DE ARBELÁEZ;Centro de Salud Cabrera;Cabrera;CAPS URBANO;0;;29;;;;;;
SUR;E.S.E. HOSPITAL SAN ANTONIO DE ARBELÁEZ;Centro de Salud Pandi;Pandi;CAPS URBANO;0;;29;;;;;;
SUR;E.S.E. HOSPITAL SAN ANTONIO DE ARBELÁEZ;Centro de Salud de San Bernardo;San Bernardo ;CAPS URBANO;0;;29;;;;;;
SUR;E.S.E. HOSPITAL SAN ANTONIO DE ARBELÁEZ;Centro de Salud Venecia;Venecia;CAPS URBANO;0;;29;;;;;;
SUR;HOSPITAL ISMAEL SILVA E.S.E;Hospital Ismael Silva E.S.E.;Silvania;CAPS PRINCIPAL;14;;68;;;;;;
SUR;HOSPITAL ISMAEL SILVA E.S.E;Hospital Ismael Silva ESE Sede Aguabonita ;Silvania;CAPS RURAL;0;;22;;;;;;
SUR;HOSPITAL ISMAEL SILVA E.S.E;Hospital Ismael Silva E.E Sede Subia;Silvania;CAPS URBANO;0;;29;;;;;;
SUROCCIDENTE;E.S.E. HOSPITAL MARCO FELIPE AFANADOR DE TOCAIMA;E.S.E Hospital Marco Felipe Afanador De Tocaima;Tocaima;HOSP MED-ALTA;20;;108;;;;;;
SUROCCIDENTE;E.S.E. HOSPITAL MARCO FELIPE AFANADOR DE TOCAIMA;Centro de Salud Johan de Agua de Dios;Agua De Dios;CAPS URBANO;0;;29;;;;;;
SUROCCIDENTE;E.S.E. HOSPITAL MARCO FELIPE AFANADOR DE TOCAIMA;Puesto de Salud Jerusalén;Jerusalén;CAPS URBANO;0;;29;;;;;;
SUROCCIDENTE;E.S.E. HOSPITAL MARCO FELIPE AFANADOR DE TOCAIMA;Centro de Salud Rafael Reyes de Apulo;Apulo;CAPS URBANO;0;;29;;;;;;
SUROCCIDENTE;EMPRESA SOCIAL DEL ESTADO HOSPITAL SAN FRANCISCO DE VIOTÁ;Empresa Social del Estado Hospital San Francisco de Viotá;Viotá;CAPS PRINCIPAL;14;;68;;;;;;
SUROCCIDENTE;EMPRESA SOCIAL DEL ESTADO HOSPITAL SAN FRANCISCO DE VIOTA;Puesto de Salud de Liberia ;Viotá;CAPS RURAL;0;;22;;;;;;
SUROCCIDENTE;EMPRESA SOCIAL DEL ESTADO HOSPITAL SAN FRANCISCO DE VIOTA;Puesto de Salud de San Gabriel ;Viotá;CAPS RURAL;0;;22;;;;;;
SUROCCIDENTE;ESE HOSPITAL DE GIRARDOT - Dumian Medical S.A.S (Operador Privado) ;Clínica San Rafael Dumian Girardot;Girardot;HOSP REGIONAL;173;;141;;;;;;
SUROCCIDENTE;ESE HOSPITAL DE GIRARDOT;ESE Hospital de Girardot;Girardot;HOSP REGIONAL;4;;141;;;;;;
SUROCCIDENTE;ESE HOSPITAL DE GIRARDOT;Centro de Salud Kennedy ;Girardot;CAPS URBANO;4;;29;;;;;;
SUROCCIDENTE;ESE HOSPITAL DE GIRARDOT;Centro de Salud Periferico ;Girardot;CAPS URBANO;4;;29;;;;;;
SUROCCIDENTE;ESE HOSPITAL DE GIRARDOT;Centro de Atención San Rafael de Girardot;Girardot;CAPS PRINCIPAL;0;;68;;;;;;
SUROCCIDENTE;ESE HOSPITAL DE GIRARDOT;Centro de Salud Buenos Aires -;Girardot;CAPS URBANO;4;;29;;;;;;
SUROCCIDENTE;ESE HOSPITAL DE GIRARDOT;Puesto de Salud Barzalosa ;Girardot;CAPS RURAL;5;;22;;;;;;
SUROCCIDENTE;ESE HOSPITAL DE GIRARDOT;Puesto de Salud Miraflores ;Girardot;CAPS URBANO;4;;29;;;;;;
SUROCCIDENTE;ESE HOSPITAL DE GIRARDOT;Puesto de Salud Diez De Mayo ;Girardot;CAPS URBANO;0;;29;;;;;;
SUROCCIDENTE;ESE HOSPITAL DE GIRARDOT;Puesto de Salud Guataqui ;Guataqui;CAPS URBANO;0;;29;;;;;;
SUROCCIDENTE;ESE HOSPITAL DE GIRARDOT;Puesto de Salud Nariño ;Nariño;CAPS URBANO;0;;29;;;;;;
SUROCCIDENTE;ESE HOSPITAL DE GIRARDOT;Centro de Salud Pueblo Nuevo ;Nilo;CAPS RURAL;0;;22;;;;;;
SUROCCIDENTE;ESE HOSPITAL DE GIRARDOT;Puesto de Salud Nilo;Nilo;CAPS URBANO;0;;29;;;;;;
SUROCCIDENTE;EMPRESA SOCIAL DEL ESTADO CENTRO DE SALUD DE RICAURTE;Empresa Social del Estado Centro de Salud de Ricaurte*;Ricaurte ;CAPS PRINCIPAL;0;;68;;;;;;
SUROCCIDENTE;SANATORIO DE AGUA DE DIOS E.S.E.;Sanatorio de Agua de Dios E.S.E.;Agua De Dios;CAPS PRINCIPAL;11;;68;;;;;;
SURORIENTE ;E.S.E. HOSPITAL SAN RAFAEL DE CÁQUEZA;Empresa Social del Estado Hospital San Rafael de Cáqueza;Cáqueza;HOSP REGIONAL;59;;141;;;;;;
SURORIENTE ;E.S.E. HOSPITAL SAN RAFAEL DE CÁQUEZA;Centro de Salud de Chipaque;Chipaque;CAPS URBANO;0;;29;;;;;;
SURORIENTE ;E.S.E. HOSPITAL SAN RAFAEL DE CÁQUEZA;Centro de Salud de Guayabetal;Guayabetal;CAPS URBANO;0;;29;;;;;;
SURORIENTE ;E.S.E. HOSPITAL SAN RAFAEL DE CÁQUEZA;Centro de Salud de Gutierrez;Gutierrez;CAPS URBANO;0;;29;;;;;;
SURORIENTE ;E.S.E. HOSPITAL SAN RAFAEL DE CÁQUEZA;Centro de Salud de Quetame;Quetame;CAPS URBANO;0;;29;;;;;;
SURORIENTE ;E.S.E. HOSPITAL SAN RAFAEL DE CÁQUEZA;Puesto de Salud Puente Quetame;Quetame;CAPS RURAL;0;;22;;;;;;
SURORIENTE ;E.S.E. HOSPITAL SAN VICENTE DE PAUL DE FÓMEQUE;E.S.E Hospital San Vicente de Paul de Fómeque;Fómeque;HOSP MED-ALTA;25;;108;;;;;;
SURORIENTE ;E.S.E. HOSPITAL SAN VICENTE DE PAUL DE FÓMEQUE;Centro de Salud de Choachí;Choachí;CAPS URBANO;0;;29;;;;;;
SURORIENTE ;E.S.E. HOSPITAL SAN VICENTE DE PAUL DE FÓMEQUE;Puesto de Salud La Unión;Fómeque;CAPS RURAL;0;;22;;;;;;
SURORIENTE ;E.S.E. HOSPITAL SAN VICENTE DE PAUL DE FÓMEQUE;Puesto de Salud Pueblo Viejo;Ubaque;CAPS RURAL;0;;22;;;;;;
SURORIENTE ;E.S.E. HOSPITAL SAN VICENTE DE PAUL DE FÓMEQUE;Centro de Salud Ubaque;Ubaque;CAPS URBANO;0;;29;;;;;;
SURORIENTE ;EMPRESA SOCIAL DEL ESTADO CENTRO DE SALUD TIMOTEO RIVEROS CUBILLOS;Empresa Social del Estado Centro de Salud Timoteo Riveros Cubillos;Une;CAPS PRINCIPAL;0;;68;;;;;;
SURORIENTE ;CENTRO DE SALUD DE FOSCA E.S.E.;Centro de Salud de Fosca E.S.E.;Fosca;CAPS PRINCIPAL;0;;68;;;;;;
SURORIENTE ;CENTRO DE SALUD DE FOSCA E.S.E.;Puesto de Salud de Saname;Fosca;CAPS RURAL;0;;22;;;;;;
Fuente: Construcción Propia. 2025.;;;;;;;;;;;;;
;;;;;;;;;;;;;
;;;;;;;;;;;;;
;Operador Privado;;;;;;;;;;;;
;;;;;;;;;;;;;
;;;;;;;;;;;;;
;;;;;;;;;;;;;
;;;;;;;;;;;;;
Componente;Prestación de Servicios;Unidades de Salud - Portafolios;;CAMAS;;;;;;;;;
;Mínima y Máxima;;;;;;;;;;;;
Primario;5;Unidad de atención Comunitaria -CAPS Comunitario;;PUBLICAS ;1446;;;;;;;;
;Hasta 22;Unidad de atención en salud CAPS Rural;;Operadores privados;481;;;;;;;;
;Hasta 29;Unidad de atención en salud CAPS Urbano;;TOTAL;1927;;;;;;;;
;Hasta 68;Unidad de atención de salud CAPS Principal;;;;;;;;;;;
Complementario;Hasta 108;Hospital Mediana - Alta;;;;;;;;;;;
;Hasta 141;Hospital Regional;;;;;;;;;;;
;Hasta 146;Hospital Universitario;;;;;;;;;;;
;;;;;;;;;;;;;
;;;;;;;;;;;;;
;;;;;;;;;;;;;
Preparo: Jorge A.Ordóñez S.;;;;;;;;;;;;;
Contratista DDSGR;;;;;;;;;;;;;
